id,name
1,Subject 1
2,Subject 2
3,Subject 3
4,Subject 4
5,Subject 5
6,Subject 6
7,Subject 7
8,Subject 8
9,Subject 9
10,Subject 10
11,Subject 11
12,Subject 12
13,Subject 13
14,Subject 14
15,Subject 15
16,Subject 16
17,Subject 17
18,Subject 18
19,Subject 19
20,Subject 20
21,Subject 21
22,Subject 22
23,Subject 23
24,Subject 24
25,Subject 25
26,Subject 26
27,Subject 27
28,Subject 28
29,Subject 29
30,Subject 30
31,Subject 31
32,Subject 32
33,Subject 33
34,Subject 34
35,Subject 35
36,Subject 36
37,Subject 37
38,Subject 38
39,Subject 39
40,Subject 40
41,Subject Test
